Department,Salary
eblfzjszvh,2.66510808E8
gvjztnjmhk,2.59906459E8
tnqdgtkqvo,2.60850025E8
pxjutrbexv,2.65149509E8
kdnokwwrcz,2.3916286E8
sazcghogpq,2.64467132E8
tnbqtrfaoz,2.68309161E8
kuhicofjji,2.78666851E8
lqmovumnuv,2.67256389E8
nkxgtimmbj,2.57896964E8
dqsghftxui,2.62606562E8
lhkzvipfmq,2.67107669E8
lqqlmyckit,2.72394617E8
rljvpavqmi,2.61346389E8
tqzkceuwrn,2.76468735E8
atilvxghgx,2.55937253E8
zxrtfxpott,2.51484916E8
rnyuwqvyqt,2.66484991E8
hzlkljruwb,2.65258599E8
pwigztlxbc,2.6444723E8
ptwdevilrd,2.69427475E8
xwiauwqsff,2.7635349E8
kdsbvrrnbg,2.45981218E8
absyshjoqu,2.6041619E8
fxqvlslqhh,2.64087164E8
ibgszrxyan,2.57952723E8
iobuthnljf,2.73131283E8
lrnjixuyqt,2.49252569E8
hmhsbqgymq,2.52811345E8
ngtukbvzei,2.80188154E8
jmqocsggok,2.52740398E8
zmrjtgoziz,2.75885759E8
fgrcjcadkg,2.55277226E8
itntcbbsqr,2.51345208E8
bocdmouepl,2.50906433E8
sxexeydfmw,2.68712539E8
ovtvbfjvas,2.70641486E8
htsmapazqg,2.6671847E8
cnnnuwjusa,2.5180455E8
ledzxpgwpz,2.63259868E8
mmkcwkonqa,2.65906796E8
fevjpenzsn,2.60926621E8
qulkpprzlh,2.55148844E8
kadduauipe,2.61835749E8
rqaewyswen,2.66291055E8
aftijjtmwl,2.66707611E8
rwrrhhcghc,2.46764371E8
adnbkxvvhn,2.59212214E8
cbbfdjwwcf,2.57221805E8
pyfbndrkqt,2.63064422E8
crcekfdepw,2.47943838E8
vlsijqsmuo,2.58308214E8
vtkggvyuel,2.58260083E8
vzadadamzu,2.60962546E8
ycbtllaifd,2.59264392E8
eiuhiiocyf,2.41418584E8
rvxrrdcdoi,2.70151465E8
twvejjmwkt,2.63500772E8
ehvcneowfl,2.6813491E8
jsfpmhjenq,2.64744579E8
fyxijrqcnk,2.53465819E8
icseluretz,2.58651057E8
gxiwiscbtj,2.57397489E8
evhqbhtzsr,2.62298441E8
ysbhlvadlu,2.68229721E8
praxtgqwrx,2.67991164E8
cyesomjxuo,2.66735368E8
xvgusinbpp,2.53910081E8
vhyfnnmqbq,2.61798732E8
kfwcijcvir,2.51639821E8
rwixqymodh,2.57793522E8
vplunstwmz,2.66597616E8
ebnrtwaaoh,2.60243098E8
zzprgcrbnq,2.58435312E8
uhbicmbqhj,2.48896211E8
lcwiorypcy,2.56611035E8
jfhdvmsryp,2.79876479E8
mzqmglcuut,2.65716075E8
aliddgwkzn,2.69246045E8
lxzwtnprhr,2.66942089E8
roznraghla,2.65687209E8
bpgyiydemy,2.66010729E8
bfwjberjpc,2.67585059E8
trkbycpuac,2.73913121E8
nejoeyydjk,2.78114843E8
vevajkjpom,2.44467313E8
ddxxcthsyk,2.76682656E8
oeysipkcik,2.71553E8
pnrfxdpobr,2.55478722E8
rirabbqhgv,2.42187545E8
aixqnilkqg,2.56298526E8
upeonjwxjb,2.52416965E8
tkhrvgkhsr,2.85159189E8
cifaaesbtb,2.68923331E8
nfbuisbpdz,2.59695991E8
cvnlnittob,2.69130775E8
jpzvmhwwtz,2.66155388E8
aolctsgdrv,2.78787705E8
hyblfbjdju,2.62024593E8
czwvzumscl,2.63676712E8
uehfngsito,2.67599048E8
djrmazwelq,2.57878906E8
msnvyywrsc,2.64003954E8
rpyckyjytt,2.4796637E8
alhzspebvu,2.50657837E8
hsssmdalix,2.60372293E8
mnvznmxghf,2.71190917E8
vtmymtwstk,2.65660635E8
rlxrxwjfcx,2.61364275E8
rtfqiojegr,2.54331895E8
ftdbxixuha,2.60506925E8
uboqkjuody,2.65064243E8
cqtrxwuvqs,2.43869654E8
exowdkxyrw,2.65622199E8
btmvbcfuqi,2.47345122E8
iybnvhjsya,2.70176374E8
sxklajslrm,2.81498891E8
cgoxvfixmj,2.45190122E8
fudigcicer,2.58238894E8
krfocaihed,2.4810535E8
pnwqhemtzi,2.50460428E8
areghepfml,2.76573742E8
dccmzoxxhm,2.48260414E8
xrfzoyqqee,2.62300426E8
uifoowftoz,2.6829991E8
jdynswnqee,2.78578183E8
pzpocjjlte,2.79004228E8
hmgjlqeoeb,2.58553452E8
hennqlfuqt,2.48409714E8
muscmgkxva,2.5240781E8
lbepecnsjq,2.69909099E8
fiwgqcvgvt,2.58811695E8
yjymwgqtiv,2.60968207E8
xmmcdktlev,2.77692061E8
perdhjtnrk,2.49560198E8
dxvgenfdfz,2.64714219E8
qdgvzmkkti,2.69147241E8
qaxmvrisao,2.72865682E8
zfdehupjzz,2.81122219E8
wjqiweezoa,2.54568496E8
eqjutvkzdi,2.44902455E8
sqfhalfskg,2.47088259E8
kmeazpsarw,2.69825334E8
bbkjzsdksx,2.61234313E8
rvgjdetljq,2.68742401E8
jmmyeeksla,2.54987706E8
xtkqrvmamm,2.65391926E8
jvpkyuwiti,2.78405148E8
kqeddjdhbi,2.60639682E8
tmdlnlhzfn,2.68999652E8
srxiykygqi,2.58146063E8
bkmssekoqm,2.6011546E8
zoujnamtjt,2.60347143E8
dwqoutwtnt,2.50104748E8
srzacjpiny,2.72007835E8
roxoaxhgcv,2.56415142E8
jesxqvsmpa,2.53718451E8
giiqshclos,2.59481302E8
ggfrvereoh,2.67076097E8
ngwydnlgvy,2.50215267E8
rxzbbootvt,2.60628914E8
kwheidxgld,2.39707997E8
mcttgsrddj,2.68745236E8
ndigjodrps,2.51819687E8
ntopilcriu,2.58708374E8
tbraewfhqy,2.60144418E8
oehwknltrc,2.62809682E8
hhwftrzcif,2.72962625E8
fgpywilazl,2.5927283E8
nctsuqhuur,2.55906762E8
skgnnmyiaq,2.72341731E8
diykcqzwro,2.54002283E8
yxeumvxjlg,2.39173599E8
dlyrixurhq,2.61790985E8
hkjtvgmkaq,2.52168944E8
gnaspajxsg,2.48062826E8
khuqvrhqzg,2.68064971E8
txcbkiisva,2.432083E8
itsnivfbfb,2.56208175E8
lefjbeihic,2.58942795E8
naufhgmcgp,2.50695837E8
vmiuayswhr,2.79423091E8
wuwtxvggfp,2.52927076E8
wklkkftnrh,2.55255063E8
stbdykpgfn,2.43747351E8
bpopfbhkqk,2.58010379E8
xmxcdstqou,2.64480225E8
anlmczszpz,2.53913202E8
xzooybfulx,2.78230417E8
dlsmkhnemd,2.77991355E8
hcxxhjyyeh,2.55698454E8
ijdwepvjsg,2.62137484E8
kkjbmehxfb,2.57364532E8
ygdxohbwob,2.73659654E8
qrrkippfeo,2.76115445E8
xdbcxoupzd,2.60872516E8
nvhpfufjdk,2.53769091E8
sljjjrkqum,2.52072191E8
zeudgnfown,2.74891683E8
hdaiwprmci,2.60203562E8
cvsylngzga,2.62020667E8
emmkpqlduu,2.76341568E8
hlcvbbkafs,2.38810775E8
dwqptqtrxi,2.69617687E8
oehrllvlwm,2.64880297E8
yimgssabjj,2.57124108E8
gtjtvulzvj,2.67055711E8
qblybphpcp,2.66406124E8
xzfchldprg,2.56431482E8
wlmtoozifn,2.71157237E8
tsqomzwccq,2.490805E8
iebxhkoylt,2.66012347E8
lrtnqbibuh,2.53240327E8
jehwiecnen,2.54422664E8
zhjewseyij,2.65942709E8
upksxpnwxz,2.83196241E8
iomfdyerfs,2.51269714E8
kccemijqrw,2.6505485E8
jqsprbnjss,2.45444115E8
mpccsmuwxl,2.58486714E8
yoaiiwokca,2.57132022E8
fhcvxbvblt,2.61640469E8
rzpkpznpkj,2.66668642E8
qbvuzheeei,2.47975635E8
osmnbnrbif,2.64176203E8
gonuninhbb,2.59843721E8
nsqsffhndt,2.60272191E8
neezaihsav,2.59908081E8
wzythgpsdt,2.70926921E8
zecuecitke,2.50846513E8
exjmjnhtvn,2.64235365E8
lglrafudvn,2.55632639E8
qaxtggzojz,2.67527804E8
vyaemtntft,2.45114184E8
amcjvuecoh,2.52148746E8
ohgunkfxff,2.63739391E8
zjbsichbfb,2.56918052E8
gztrsgefst,2.59264792E8
yszdcemfzx,2.68955178E8
obzzgfyfat,2.64493927E8
exqbpnrcje,2.66127156E8
jfyifnixna,2.74918553E8
dmgjftskas,2.70241809E8
wugbaekolt,2.59677035E8
uilxxwvkon,2.64574774E8
qddheqmwac,2.70552632E8
lltphugucj,2.60557624E8
nkpidflivg,2.64314833E8
ajgikyduhh,2.59477176E8
nxzjhyrwgh,2.69377157E8
zczenjpeiz,2.55435349E8
aptpenpzct,2.71008206E8
fijtelflvl,2.5010441E8
ujypcahvih,2.70582406E8
qdzrlhwbhb,2.70314257E8
gsfozipwhq,2.61422235E8
mtyyocovep,2.59509758E8
jqdakkifjv,2.67479478E8
dbkdlmqpyh,2.76154899E8
lqsbalihzq,2.61800602E8
bangmcorhf,2.51819858E8
jdeejbedny,2.71000369E8
iulocdfwru,2.68695219E8
mgzicmwpfg,2.43117923E8
zunlarxvls,2.69083032E8
pqxvhrmmfs,2.69224057E8
sxqvjddiwr,2.67843277E8
cafskpagkx,2.64196868E8
ykagpniyvu,2.44044897E8
ndvsnxwnlf,2.68903277E8
blmnsillya,2.58680344E8
dkmktocuia,2.70026059E8
ifxrbmlonv,2.62369577E8
joyrbrkigo,2.65041643E8
zcpcomknjc,2.62656267E8
vnhljrcybf,2.66553745E8
shkhqgmboa,2.56244196E8
culzctezhj,2.57464832E8
xbydghgizh,2.46053249E8
mvnjgtglnj,2.46159695E8
ysqkhttmzw,2.62495522E8
qgkchfnihq,2.59455483E8
fdeggkmbzf,2.71608784E8
qbzbtxcuap,2.68344419E8
hqqxujdwjc,2.65938413E8
ilekwfjuod,2.66279316E8
uwwojrqhhs,2.84274592E8
waurquogbb,2.88815022E8
vqmdyqgkfz,2.53115317E8
uilgbnjqxk,2.66507912E8
gubuvkggky,2.7124353E8
xdtjkpylzr,2.58052772E8
stjucgytaz,2.69078314E8
knkgiqyjdr,2.56824494E8
iywsgsmphv,2.58753341E8
xngeqilgxs,2.72965748E8
pmoadvchrl,2.6404648E8
kkjbyseyzf,2.49500918E8
avklpzosog,2.57488688E8
syspwrsifq,2.52334481E8
gvgjkkempg,2.44459685E8
wysvhttfxb,2.56042843E8
epakbgpobx,2.50396254E8
ucrubncnrk,2.6409109E8
mveequtmik,2.71834071E8
shfwqmnasm,2.60349765E8
pahquapkyt,2.6231389E8
txygdlhgmh,2.5588137E8
wnwqzhunxq,2.54984603E8
vaxswfbtsb,2.74550125E8
znjiunwtwe,2.58258641E8
bicflovfvp,2.63185463E8
nfcmaiagew,2.6331713E8
ldxzhesjci,2.70413639E8
qsyergtbfp,2.66498276E8
jposzgwihi,2.59379212E8
npfoffranr,2.47434535E8
ejswtptpmf,2.43704559E8
nipwytfyzk,2.67471044E8
fqzaysevim,2.7299995E8
jiguapbxie,2.71479388E8
eigaourcvv,2.46570486E8
qcoaooikzs,2.66187617E8
zotmmgerya,2.62750176E8
gpobtcymyf,2.64419994E8
fdwwfnpknz,2.59902109E8
msvdvczxxd,2.57057401E8
gnlolrgtlv,2.5363376E8
olpsezninx,2.65025124E8
vjfawexdek,2.67483301E8
wflihbpcwn,2.38724851E8
ddgtqewykp,2.61097241E8
hagyojsebi,2.72131416E8
fiwnlabjiw,2.5392111E8
kkphvrueem,2.44393223E8
xiofvknzej,2.56169713E8
ehtnrstloi,2.65984342E8
efvothqqhw,2.57225868E8
ihzunssupd,2.64909625E8
ondtvbqxtl,2.67500276E8
lthvidvfdz,2.69256337E8
nyzsgdclfv,2.70923478E8
qnkfuciqub,2.69029278E8
vkfyrmzwbo,2.45171499E8
gnaqgmhcqd,2.59002375E8
wnrhhrjsje,2.50526985E8
lpyylmwphf,2.55099167E8
iskspphazc,2.78362363E8
fhkqvqmqlg,2.63351105E8
yajxmmavxp,2.63927684E8
silweogzmo,2.8564799E8
eeweklwtrd,2.60103349E8
lrpjvbjnpe,2.72524491E8
tzvmadpviz,2.46047162E8
nvpmstifyi,2.4192327E8
brisspykgw,2.56261248E8
ubkxzpmmgu,2.65508146E8
eycwbixpza,2.5404713E8
shqdxwwbjy,2.68501899E8
uqhvsoesuc,2.53193192E8
nsprzuhawi,2.57089655E8
fzyrvgbsbn,2.47746886E8
dpjtpzzrpd,2.5314677E8
rexwxwprln,2.60897899E8
hzrrjjjhbc,2.73065282E8
diakiukqsr,2.64553472E8
eivfybwvys,2.67821073E8
mjkwujzxgv,2.60009051E8
djvvdortjp,2.65714703E8
bylyfilpmq,2.67182881E8
sybpytyenl,2.55701792E8
okczuohdsb,2.50848411E8
baaiuyorbx,2.56165564E8
uhrkanxyou,2.5649721E8
skmyubrgbb,2.57674248E8
mlwkwxvhqn,2.45907662E8
tebwvhwjsb,2.59916427E8
vrzcucurys,2.60718338E8
ormpnqqjdo,2.55229081E8
lrflzuoocc,2.62676487E8
evwtmnmdsn,2.65482268E8
vgiycomyrc,2.48233915E8
afuxbxjddi,2.64673227E8
eocxkzuvyj,2.64135646E8
rgevapnqqs,2.71126433E8
dyrwbuqufp,2.59744058E8
ntwtqzwjps,2.60524845E8
xxshzwpmvz,2.62247889E8
nvtmnfmqtt,2.73768166E8
mmlwlnetmv,2.46583777E8
gadrfmqado,2.56060466E8
dnpbcrxppe,2.65038277E8
iszpzqgdbt,2.59960355E8
wjazutcqxe,2.54548024E8
eekmjanibd,2.56413521E8
gmnwbxlhvu,2.58763818E8
mnhruxobnp,2.60648497E8
mztpcpxbth,2.71114981E8
lxioizbbat,2.65793344E8
zcdhvkijek,2.54934261E8
qroruqtkyp,2.69022071E8
ntcchdpnaw,2.59224428E8
foapyendiw,2.6068793E8
kzffgthand,2.58007072E8
hnggcfkprp,2.6526061E8
ppdjfljowa,2.76525288E8
lccqhtvfpp,2.65427131E8
yubebwsmjw,2.56462509E8
qoxqxvbwbg,2.575668E8
ppwlrewfkd,2.67655719E8
grkifmtwxn,2.57634747E8
sabxmfusmq,2.42477906E8
hefwlzuuev,2.75371509E8
ymyiwxqlwh,2.62544478E8
fxfkgckzjb,2.65296894E8
retucfqzwu,2.56595993E8
wztqhfwfgv,2.72708859E8
bcakkkpbqy,2.64301336E8
dnyijpwpmh,2.83864467E8
anmbtszpok,2.57007774E8
zesctnfztz,2.57797162E8
kwokcngwmf,2.58113859E8
egslfsrthq,2.64930562E8
eeqfuwlyft,2.61398739E8
pxfwtbhbjq,2.67807532E8
nkssrcuyci,2.52804529E8
kfcxqdocwg,2.59828247E8
qxapxlrvhg,2.67078808E8
hfdcbsdjog,2.46534518E8
jpsnhtfzpu,2.61112632E8
yosxjkcdly,2.61744263E8
uxveolbwhq,2.48742862E8
rhlarmijex,2.52448933E8
jidyelfzwx,2.834881E8
ebkzjiujfy,2.66914341E8
banjihdqll,2.56852053E8
umrsexrklj,2.46086779E8
ejqciofwti,2.52849198E8
igsiaaifzf,2.56254153E8
gtoslvgguh,2.66384844E8
uwnqwvggcu,2.67986525E8
ktummacdnj,2.66471179E8
bhacjyuxnr,2.78352058E8
bxdnlgkyif,2.6847528E8
skagobaujz,2.66838467E8
xoyxrmokok,2.60835687E8
nljwlxjabu,2.61233718E8
qiggkmhmxp,2.59898542E8
pqgpvckoyb,2.64972773E8
fugqqgvyvn,2.68130595E8
sotncnesbl,2.65630932E8
ekgpkjklqu,2.59313613E8
afjfsftxmn,2.77865247E8
aamlgzyehv,2.46398765E8
rbkvjcdulc,2.64044069E8
auqlffxatt,2.61442508E8
fhwkitwxwx,2.63755755E8
snphqtefse,2.5669911E8
cwnqnojdiq,2.48724538E8
rdurkpeuvb,2.70297847E8
xvscxwrpmu,2.66149656E8
yuitybggwd,2.63544039E8
uixouafske,2.5769342E8
dmtboiygho,2.58559122E8
poskauhdbt,2.590089E8
nzimnvzhyg,2.6386868E8
sqhgjrtkij,2.62798547E8
bivnjvazeg,2.58660934E8
xzxsujadxw,2.57015199E8
mjmaclpida,2.61739205E8
eaantpergh,2.69814795E8
voilwsjqjf,2.62312001E8
ahglbkwwig,2.42963799E8
zugqzrivvp,2.47372377E8
xrlqxpotev,2.53566601E8
oyyrjrelck,2.66796834E8
kgffyqtxtl,2.71948631E8
mafsgjhptr,2.47580146E8
ddkjcrkykz,2.63498159E8
nqjuclqeqg,2.42580667E8
hrcaihksip,2.76698486E8
qefcsdeajc,2.78179838E8
rmwrisuqwq,2.62656608E8
gtsadruufi,2.71797835E8
ouerzkgyqb,2.60587906E8
jqxethnhbe,2.63822239E8
bbiypghbst,2.59698382E8
pzwflqnefr,2.55512817E8
idzojajwsh,2.46595964E8
xpyittgiui,2.56056955E8
hpbhcjrvfj,2.40603091E8
gejjbfhzgx,2.58404035E8
kwjpkkbunn,2.75841943E8
eunkmaicrf,2.59108656E8
frcwptjdry,2.65003905E8
zztlsliezu,2.54588466E8
uuhsvxwqvl,2.47607953E8
cyjqrhzmmi,2.55217721E8
anzgepeaek,2.62609607E8
enybccimgo,2.50440367E8
xbotyrshdy,2.60936555E8
rutelypqql,2.58191757E8
ufsutgthxr,2.52125926E8
xytrpzqvwg,2.49286574E8
pbavwpcnko,2.62370167E8
wzousxrqup,2.40333299E8
pyvlappihi,2.69235836E8
ygngjkwjed,2.64148003E8
prksohzxxe,2.55560861E8
jsrgjmdwut,2.67088817E8
lugdgduvry,2.65778148E8
kriccrirzz,2.67265849E8
mzhjewhwhp,2.60997682E8
ogsbvcyguu,2.68386117E8
iztvlulltc,2.51785568E8
nwmvxoiyas,2.56270318E8
gmdhigmlsp,2.80277914E8
bywywijvit,2.5287592E8
vzghyrmjey,2.58825607E8
rfrujjxqrf,2.53339653E8
mphsvsupdc,2.71712832E8
bsovniueui,2.59133148E8
ozfxsrccjo,2.68179453E8
tpbmmhfhtg,2.62762704E8
smeefugafv,2.63381406E8
hdpiygzrcu,2.64140783E8
xdekjpnzbf,2.51517328E8
tkndphcmxt,2.63560271E8
inibocgwvy,2.58123243E8
lkarapobul,2.60873633E8
patllaydsx,2.49723589E8
umfnnjzkxn,2.64578942E8
dekdriiftd,2.50135217E8
xpuuzdgvbr,2.63991923E8
hfwdxkadwd,2.44451953E8
jvjfvvibng,2.47636831E8
mjknbrmxda,2.57409335E8
hldcapahsq,2.60704831E8
clkbkwiluw,2.87551622E8
whjmuonuug,2.58382932E8
phtxdjyhck,2.60410395E8
ngabeifmao,2.57663179E8
awfcmsildl,2.78496733E8
zpkidkxwvn,2.64891645E8
jgrxyfhnrw,2.72133586E8
kkcwpieakk,2.60620965E8
xzanyextrx,2.65943244E8
pfakuqctft,2.6143993E8
khzgigxtol,2.65096062E8
vipfkrilpv,2.58660242E8
fizxuhkixi,2.70081885E8
ybjkrjfdvb,2.56708857E8
niknbmxpnd,2.56942568E8
qtkpgjnird,2.61898558E8
kuxfqvkvcg,2.52479628E8
dpsgcvhvgi,2.54766594E8
suibucsseu,2.75367024E8
hqlivxlhox,2.56107293E8
neqmmlyfmw,2.42477154E8
pdbslrqigq,2.67525933E8
qwjekhejyy,2.59487533E8
xifxysqkdb,2.5258838E8
awrmlbvrzb,2.76909845E8
uurfwzyvle,2.6517263E8
gznqalpbfu,2.77964896E8
jkrdapzwod,2.66344953E8
hljlnqfqsv,2.59066785E8
olxafnbuap,2.68055775E8
ygrjofkyno,2.62595332E8
bithjjrooc,2.59706887E8
nrwkhpglkh,2.66701474E8
vmzishuvvf,2.51557358E8
cjgxteqqpf,2.66211962E8
nyzlaquoki,2.84124664E8
hwnbxboidx,2.48233336E8
domcsvcxub,2.62339049E8
rqxwjfamxq,2.66389604E8
fcrwlynpnw,2.67739953E8
zcxwjaajua,2.5860821E8
nxmcscfiol,2.58224324E8
bxfskohjxs,2.69165598E8
gqweevghzd,2.60703133E8
kaquatzuzv,2.42906839E8
kcbxepeutg,2.69511058E8
xfjmtymzgs,2.73375873E8
qczmodpltr,2.59897037E8
gmpxdcobgl,2.58133659E8
inyeahvoda,2.51733303E8
yghhlirtrj,2.50361359E8
fyzgvokbuk,2.45317268E8
owhpejqcpx,2.49554709E8
yhadjjozfi,2.61534308E8
ybgyjnmedn,2.55885885E8
hnoyxgxwmr,2.60674491E8
rmfycloqwm,2.66084968E8
mwzsqecokc,2.5376629E8
dtrtrnzytg,2.67982207E8
yhrblxzcor,2.65301733E8
axoqfbxbua,2.61087598E8
ershaaavkg,2.77583786E8
uhwazyroau,2.64869919E8
bymnvdglcn,2.60738614E8
dqklxsnkvi,2.77284301E8
ynuttjokzr,2.6431076E8
ewbutkxrvi,2.74126866E8
ocbmibhpcj,2.64560382E8
rficxehxhj,2.49742823E8
ujfvguquih,2.72543764E8
thdurccuxo,2.51167874E8
phlwtwbqjg,2.69793032E8
hndpygnphz,2.5919318E8
iubxntrtoe,2.6241979E8
zpwsfaayeh,2.54708535E8
sjhowkgxfv,2.65338749E8
eesdengbmi,2.71464953E8
kuyvfgozmh,2.82653298E8
guprrvypuq,2.65915821E8
jlotmxnvso,2.49649338E8
moikdttcxt,2.64510102E8
qtspaotatq,2.67613597E8
jwvcsqrwoi,2.56870439E8
xekfxaoils,2.64763502E8
uzssipzhbd,2.60141069E8
xoqbhctgun,2.55313251E8
nqesyzsvls,2.51739188E8
nefpumlcnk,2.56961415E8
kalxwagqgf,2.76637845E8
ykfswhlzza,2.5571194E8
rlehvkjyqs,2.43878696E8
gmiqtyedmm,2.59958372E8
dkkycasbxi,2.67860948E8
ioclrcyonh,2.66152875E8
cswoarsren,2.65339351E8
mmazfqvino,2.55696312E8
mynjqxruze,2.51854704E8
zttmxjqzje,2.60172626E8
rrobwaosop,2.65546969E8
okfywhrgkk,2.66911704E8
gjludgmmig,2.58062109E8
ditdllgapx,2.6212235E8
cmldnxmxtf,2.6417467E8
gevsxrkqax,2.72359845E8
iaiqszrwdx,2.48136555E8
nizfgnfmhk,2.58455457E8
lxaugdyoay,2.65593953E8
tjdicrdzsm,2.61181318E8
tuwspivqxk,2.71616136E8
wjxbisirua,2.55281986E8
lumrcxzdkm,2.71919906E8
boshrgcppz,2.61131518E8
tqaofbbteg,2.67307351E8
vyeixcaqfi,2.56865185E8
kdmofzxcdn,2.63693265E8
bxqfsljmuw,2.78575246E8
pqygwdqrbn,2.53106398E8
ytclxfgvnq,2.53179072E8
wjimpjtpna,2.52479863E8
wqxpqbikaj,2.62037917E8
vxskbnbwth,2.56125055E8
svywjianbm,2.59194369E8
pfqbxzffep,2.63807581E8
ozxmmdvpts,2.60860821E8
pmkdpcaexn,2.66062977E8
tkivpthxbc,2.49730069E8
jcvwiivhsk,2.77841984E8
fmmxaourdv,2.58141891E8
jegvlksvja,2.67095449E8
tebzupbcds,2.58596339E8
zctwjrgopn,2.71286937E8
mglgkswyrl,2.64988971E8
sbnbvwawck,2.52180718E8
vwjjutucpt,2.5133248E8
mscjnwmmgy,2.60609407E8
mbjehthzmx,2.59192347E8
gzvszcbybq,2.66391852E8
crpjfqjldl,2.69927032E8
hfltywyqjg,2.60142498E8
vtgvutlfhf,2.68563952E8
htbvwrxuth,2.58098542E8
qjslijykan,2.54892256E8
qtazowtqzu,2.70072533E8
rzzxwvjgey,2.7194404E8
tlquuiebtj,2.69586149E8
rvkargnmma,2.58752435E8
yxtmcmhnoe,2.72154941E8
pmyhcumcsh,2.68707721E8
mikfkntdka,2.58494039E8
kbvctppbar,2.59530183E8
qorrzqxpoo,2.66484913E8
qupjhfjyma,2.47531616E8
vkcokphmtd,2.75329598E8
vuyahatvsv,2.63731396E8
sjnlpiryug,2.69953998E8
strhclwuji,2.42467196E8
clnnzhntwh,2.47972396E8
xrtiufqddz,2.57560989E8
pladeyjlee,2.64178593E8
oephtqefuf,2.5496366E8
oxvlnxuxyl,2.73471644E8
nmdkqtzcrs,2.5664415E8
ppvanommjs,2.64776473E8
mrazrgvlvk,2.76918088E8
efswwncvim,2.68420974E8
grkelsqnea,2.54946527E8
wjrehzpxuk,2.72147071E8
xaviyakufp,2.57606821E8
rydsbweccp,2.60263922E8
poxgnzkcja,2.74123437E8
qeglwoyxvb,2.68239297E8
hdjsngonto,2.62436337E8
idaeqsvbxa,2.68907071E8
cjfqrjcken,2.72840638E8
pgoznytlmk,2.62610054E8
qotholvanx,2.65931371E8
jyccuuaolt,2.57575544E8
rposzbpzpv,2.66331286E8
latiroixzu,2.49735835E8
oodhcxhjjd,2.51092589E8
zqibsrtomi,2.53862359E8
ysgxyzdkji,2.7007575E8
unkumjewah,2.6281396E8
exgeagkmkb,2.76635247E8
yngfpspllc,2.50678348E8
pmpromkvka,2.58468802E8
jghwbnclok,2.60610204E8
cjzfyguaci,2.68718405E8
xwpzbdilet,2.54407151E8
dalulnqras,2.48361183E8
qxfjfwglho,2.66750291E8
lcpywtvpkd,2.62415274E8
drdzwyjpvk,2.6319307E8
agajseiivy,2.59539021E8
soxpgrhrmq,2.67023025E8
upaizrkbea,2.67905824E8
vobfxtbsxq,2.82067565E8
fkbgmpxttf,2.55049485E8
cjacijzzvi,2.54631201E8
zipuxtlhqc,2.64403086E8
wwkhbgrnxi,2.65894911E8
vmkllaoces,2.52394883E8
xnmsdjavda,2.58427506E8
gepuslfats,2.54032042E8
mamgukvlzh,2.72057301E8
odecymvplk,2.5737472E8
evkukfwqwi,2.54439821E8
aslrvujrat,2.71698377E8
uoggzgkbvd,2.54875228E8
bgesgtclwc,2.57587268E8
atrxitavmc,2.7984713E8
mitwoulrfw,2.55773507E8
ilexesatvl,2.58479528E8
eyhfqjinoo,2.64648387E8
laikvtuuyd,2.45407503E8
xvntzvjwdq,2.53068425E8
lplffnyyus,2.61395245E8
xwrlcdutay,2.54306762E8
auzpwuqyar,2.87987249E8
ltgygvvgbe,2.66996463E8
lpmoisnzvo,2.50658296E8
bwzcbpuqjg,2.59270154E8
quvyllguik,2.53961746E8
dmblcmzzkj,2.57200885E8
wdvnnucrcn,2.53176085E8
ndekmzjqvq,2.49108844E8
dydvfkoott,2.72899027E8
becuxmyjpm,2.76224633E8
pwixcnposk,2.62410415E8
kzitevavmd,2.6488267E8
plpfyfnrgb,2.67350763E8
vzgwowdwnl,2.55475744E8
hshikrizcq,2.43559207E8
pcxcbowpef,2.58974757E8
bkpppelrpv,2.67358409E8
jrkkldngdr,2.50304826E8
iymotvluna,2.64411276E8
hfiaeprcjl,2.55381159E8
yszxsvqmmv,2.57987947E8
agylnoaogm,2.58523998E8
jdppfpgoxx,2.64089012E8
nvbssbtubm,2.67335156E8
kplhrgnlgi,2.66239766E8
ovsposqpsj,2.60682983E8
hmwuoxcalz,2.53580156E8
mzsbflccuc,2.81709454E8
qvceljnkqi,2.57317236E8
zkkorzjilb,2.55814196E8
attlbcavdq,2.70898404E8
gfkhnbquuq,2.49414899E8
niqqqgmyoa,2.74231181E8
yahrbfhtex,2.5782855E8
yftlziuimt,2.56743352E8
bzmarxomlm,2.63615923E8
klylyiceet,2.68282482E8
igxxogzzgz,2.60281837E8
rcfbdarceh,2.52262466E8
apkndnlbzf,2.54373763E8
whqudebbty,2.59747972E8
cmzvbjpfye,2.72176819E8
sjlznqlnwl,2.7984321E8
qppcdbzzgu,2.46511191E8
nqfnxjokym,2.71742718E8
fplbrdzmkf,2.56241826E8
uutpqhtpof,2.59919956E8
xhindlvrtg,2.43735631E8
tthueeqwrc,2.59696537E8
jtdtfrruar,2.72702803E8
nxpldvclcr,2.68568966E8
zumhbihdjd,2.74167094E8
cadujvtivn,2.64012905E8
jxjuoyxmsd,2.64265178E8
ibfvnkhrwq,2.44707245E8
usfychmbcf,2.62005296E8
vnpifhxksv,2.55410089E8
sxvhqcsomd,2.72469684E8
vrxiavbioe,2.64256859E8
mfxgeoneph,2.61929805E8
vmianptnmi,2.73482948E8
ktcpfoyjrk,2.41769295E8
vgfbepgycw,2.70469671E8
bnkvcwusou,2.61001424E8
rnwfqznnen,2.78913513E8
bacpmcxgtj,2.43454955E8
lpxyaptctd,2.57088543E8
wsgcnttyvj,2.79348918E8
baiautpzjp,2.71335767E8
bnroyipnci,2.58630257E8
yswqcckmbi,2.68914685E8
ukpwwirent,2.59315651E8
xogrqsmxue,2.67247202E8
svatdcryhc,2.41332103E8
rgmxevbvtr,2.64667282E8
fjmwbefiii,2.45038901E8
gtoqbklejh,2.5848766E8
xotrdbnwkd,2.65946283E8
klaeuthwbp,2.43948377E8
jpfmefqpmv,2.75577315E8
qrmmjnpaeh,2.58039158E8
ggmfjohmqt,2.74778537E8
cbcvgetxpe,2.67301366E8
aplrzglqcq,2.64023898E8
kdjbdnxnwz,2.53611268E8
ueyolpnguq,2.40319388E8
wzbpkwrsej,2.55878908E8
ozzxcnrcmm,2.69325848E8
bfeguernsm,2.6020712E8
awymncpxiz,2.43213802E8
chjzwnlysq,2.77020455E8
wtrmcorlda,2.69933635E8
qwzhasvctq,2.6247468E8
usvphbfrmc,2.74854084E8
nzbyegqgei,2.71561631E8
vlacmohktn,2.52271351E8
ppqccenzqv,2.61154173E8
gcrinwqrha,2.64489115E8
puxrrsympg,2.54996575E8
ruwedsbpqb,2.54687797E8
xftjhpqezr,2.59800591E8
wmdlsylbxf,2.50831432E8
poqylofqbh,2.48336473E8
iogmaapgvm,2.45494081E8
iexececgnf,2.6665948E8
bnwseetsft,2.56095449E8
vhccwgmhuq,2.66333322E8
lqtugfolva,2.61345561E8
cxomiqxmtp,2.52217186E8
zyvrilcimd,2.60251296E8
weamacjmeo,2.67757737E8
zmpqowobra,2.62681118E8
puljcyigbu,2.72986082E8
xfbofdphsu,2.60425675E8
satvhftjcn,2.58817309E8
tnepkynokz,2.6547426E8
bgvmmndtwq,2.89136336E8
vsomerpfzk,2.52174098E8
otusnjjmoa,2.74503797E8
szmbnqesma,2.5767829E8
fexkognkgo,2.71005342E8
ymsocpkegp,2.61015107E8
dnqtfrwhue,2.68173984E8
rvwrcdytxo,2.66825128E8
putpkquwiz,2.71666633E8
tksghvmnmq,2.5923248E8
bwoykuczvo,2.65227289E8
ndppkknfta,2.46867604E8
dsgzdwvqof,2.70672264E8
zkkfzqabzn,2.74641262E8
mbwndlylgr,2.49799971E8
zuyjtbrpfs,2.74520016E8
rwynpohedm,2.66285706E8
hauujynabz,2.60966585E8
fjkkrwudco,2.64176865E8
wjrtsmrlxn,2.70685526E8
zxazymrgqg,2.68414806E8
jijrhlaxnu,2.71446503E8
kqrzxqmabq,2.69845747E8
lsecisjotq,2.58359955E8
ppvtixrsyx,2.52476575E8
ktxvddikdw,2.53741105E8
becfwbypva,2.58769737E8
vylagskhyv,2.61046126E8
hocmpbbwtb,2.5012408E8
rdlpmjdxuu,2.66963499E8
jccblwwvuh,2.58290263E8
zupprlzzsa,2.65495702E8
wsbwmsdxpm,2.67350904E8
sbugepodzg,2.72743955E8
ucjxjwkjqx,2.53950508E8
kpqvqubdir,2.67277991E8
gtrjicympb,2.47086828E8
gdvqhnfrpt,2.62423068E8
ruobeljmpk,2.82190245E8
otvkutgnrp,2.54673566E8
ldzyffousk,2.57330126E8
bjtorerdgr,2.79505941E8
laebykdffb,2.53120733E8
hncrmzgsbi,2.62268825E8
egrjltihot,2.74720895E8
nepcjpvsog,2.41894875E8
lwdgokyyoy,2.543564E8
hduxhotubg,2.67593995E8
jpmltkonbn,2.66671431E8
wzazjoibmp,2.70376039E8
baqmuznaxs,2.66588834E8
nhrdwuzuki,2.69797198E8
dvpvptnagw,2.57714273E8
kdhptttrcd,2.47546494E8
vvnhrzbwqm,2.41427391E8
uyreyfidvt,2.49617048E8
yrkopzysyy,2.60332879E8
sybxjjojtn,2.82035011E8
dbovtuwduh,2.65453537E8
junjmbbpja,2.60654863E8
shzwucwrue,2.60850016E8
lorwmnewxg,2.48049042E8
rkimajsdai,2.73046499E8
ieeawxwmha,2.63871025E8
objmqbmorp,2.52633767E8
tphbrdwwcd,2.51234195E8
srqgvksnmz,2.73845077E8
uptvijgefb,2.63492388E8
qrkxoneyzl,2.67888247E8
yvnubtbwti,2.69570181E8
hiqmvzbptc,2.61807017E8
onyhvlyjxy,2.64074433E8
gfdpdkavbu,2.55967367E8
iaffqliyse,2.61231982E8
femhdhfqyd,2.74037036E8
ewuqlwviuu,2.66006721E8
hxmttecyhg,2.49069153E8
lydadpaeyo,2.79726431E8
evxuymrugq,2.590768E8
nmcmojnuny,2.64064151E8
tixruirjwd,2.82945679E8
fzprupvtnj,2.54110335E8
anlsvimcel,2.62098326E8
kqzpalyjks,2.55329235E8
fqdmlqpijg,2.51925659E8
xdhntwfaiu,2.65559642E8
skkehmhead,2.56113942E8
kgtzhstabe,2.53259781E8
auqdxhtkog,2.44814178E8
gtpxsalcct,2.53556626E8
ghnoyrjyrv,2.48021638E8
valynmofcg,2.73898742E8
zlxvdvqugs,2.82296845E8
eslmpdlrvn,2.62682058E8
osicccjjij,2.63049923E8
ojikcewxjl,2.60799601E8
utmszwlqeu,2.56325666E8
ztogvktpru,2.62348967E8
nwcqdnyvah,2.54802479E8
lzdtghutwc,2.64165409E8
mqjganvbcj,2.5887276E8
ghiitbrbwd,2.61069417E8
nokddzxkhb,2.71182602E8
uckibshoqj,2.66584341E8
nhcqgajytx,2.56913007E8
vrlncpgntb,2.70100039E8
dzvdqxcain,2.53476349E8
tqhbwljivl,2.43275161E8
kkfrkwovcr,2.79970924E8
rkpcytzlhk,2.47595517E8
agpaiikqiz,2.70260245E8
yzogutqzpt,2.4714901E8
cyjbzhkjtc,2.54476227E8
cexespkmkq,2.5909738E8
yyiqlkbvqu,2.62326474E8
wbfanjjmsg,2.66166956E8
aqzbjwmmzt,2.56766259E8
cfwjekrqwv,2.59047793E8
nhflbinobf,2.53726565E8
rjaplgfczo,2.62670978E8
jafvjwshzs,2.65064153E8
aydjipjtss,2.74070034E8
mdhdflkfle,2.73420051E8
hzgdbprtip,2.60490962E8
zmjlmudtek,2.62721499E8
qspvdkbcfm,2.63950819E8
pvjdskcfib,2.65627978E8
